{
  "model_name": "Gradient_Boosting",
  "f1_score": 0.9794200812946553,
  "run_id": "ef28d50c66144856aa1977b29802eb84",
  "timestamp": "20251119_174454",
  "hyperparameters": {
    "n_estimators": 77,
    "max_depth": 6,
    "learning_rate": 0.010157860744102359,
    "subsample": 0.9107548540934559,
    "min_samples_split": 7,
    "min_samples_leaf": 1
  },
  "training_samples": 970,
  "test_samples": 243,
  "all_results": {
    "Logistic_Regression": {
      "accuracy": 0.9711934156378601,
      "f1_score": 0.9711659849517751,
      "precision": 0.9714870432515195,
      "recall": 0.9711934156378601,
      "params": {
        "C": 4.6234859191414595,
        "penalty": "l1",
        "solver": "saga",
        "max_iter": 1000,
        "random_state": 42
      },
      "run_id": "5957a7290392482390685098be6c469c"
    },
    "Random_Forest": {
      "accuracy": 0.9218106995884774,
      "f1_score": 0.9215969871147045,
      "precision": 0.926790173703754,
      "recall": 0.9218106995884774,
      "params": {
        "n_estimators": 121,
        "max_depth": 19,
        "min_samples_split": 8,
        "min_samples_leaf": 1,
        "max_features": "sqrt"
      },
      "run_id": "69f3d0efbfe14144a952e48e94ee7263"
    },
    "XGBoost": {
      "accuracy": 0.9711934156378601,
      "f1_score": 0.9710261767348908,
      "precision": 0.9722293052279666,
      "recall": 0.9711934156378601,
      "params": {
        "n_estimators": 241,
        "max_depth": 8,
        "learning_rate": 0.010316042868580828,
        "subsample": 0.8279920441968781,
        "colsample_bytree": 0.7786308379062736
      },
      "run_id": "13c8d39d84b74a538dd71046b7667864"
    },
    "SVM": {
      "accuracy": 0.934156378600823,
      "f1_score": 0.9340955564385516,
      "precision": 0.9346645708099754,
      "recall": 0.934156378600823,
      "params": {
        "C": 9.37363240535402,
        "kernel": "linear",
        "gamma": "scale"
      },
      "run_id": "02086e380cc44d32bf5d812c1b691891"
    },
    "LightGBM": {
      "accuracy": 0.9711934156378601,
      "f1_score": 0.9710758921935212,
      "precision": 0.9723715555933317,
      "recall": 0.9711934156378601,
      "params": {
        "n_estimators": 119,
        "max_depth": 3,
        "learning_rate": 0.25736018751592055,
        "num_leaves": 20,
        "min_child_samples": 5,
        "subsample": 0.9352696760995342,
        "colsample_bytree": 0.6006176124745805
      },
      "run_id": "20bc3872086347f58955552ceda7f35b"
    },
    "Gradient_Boosting": {
      "accuracy": 0.9794238683127572,
      "f1_score": 0.9794200812946553,
      "precision": 0.980069026482322,
      "recall": 0.9794238683127572,
      "params": {
        "n_estimators": 77,
        "max_depth": 6,
        "learning_rate": 0.010157860744102359,
        "subsample": 0.9107548540934559,
        "min_samples_split": 7,
        "min_samples_leaf": 1
      },
      "run_id": "ef28d50c66144856aa1977b29802eb84"
    },
    "Extra_Trees": {
      "accuracy": 0.9094650205761317,
      "f1_score": 0.9093651547355251,
      "precision": 0.9162226554039419,
      "recall": 0.9094650205761317,
      "params": {
        "n_estimators": 107,
        "max_depth": 21,
        "min_samples_split": 14,
        "min_samples_leaf": 1,
        "max_features": "sqrt"
      },
      "run_id": "dbe80a10ce5f47f19c48efa538f52554"
    }
  }
}