{
  "model_name": "Gradient_Boosting",
  "f1_score": 0.9835383067165773,
  "run_id": "b7883dbc8bca4a3e894a29d2fade6ce3",
  "timestamp": "20251119_185624",
  "environment": "Local",
  "hyperparameters": {
    "n_estimators": 296,
    "max_depth": 9,
    "learning_rate": 0.0434826067200854,
    "subsample": 0.7755566318669559,
    "min_samples_split": 4,
    "min_samples_leaf": 2
  },
  "training_config": {
    "n_trials": 20,
    "cv_folds": 3,
    "max_features": 5000
  },
  "training_samples": 970,
  "test_samples": 243,
  "all_results": {
    "Logistic_Regression": {
      "accuracy": 0.9711934156378601,
      "f1_score": 0.9711659849517751,
      "precision": 0.9714870432515195,
      "recall": 0.9711934156378601,
      "params": {
        "C": 9.543440190600847,
        "penalty": "l1",
        "solver": "saga",
        "max_iter": 1000,
        "random_state": 42
      },
      "run_id": "eb4bf401837f4c658a7b3179c20edbd1"
    },
    "Random_Forest": {
      "accuracy": 0.9135802469135802,
      "f1_score": 0.9131701735200642,
      "precision": 0.9179522816945784,
      "recall": 0.9135802469135802,
      "params": {
        "n_estimators": 112,
        "max_depth": 27,
        "min_samples_split": 15,
        "min_samples_leaf": 2,
        "max_features": "sqrt"
      },
      "run_id": "ee276ad3479a47e7b417404ed5d577a3"
    },
    "XGBoost": {
      "accuracy": 0.9629629629629629,
      "f1_score": 0.9626675108156589,
      "precision": 0.9648563128955286,
      "recall": 0.9629629629629629,
      "params": {
        "n_estimators": 209,
        "max_depth": 3,
        "learning_rate": 0.080188084618111,
        "subsample": 0.7993028448714308,
        "colsample_bytree": 0.656105419146273
      },
      "run_id": "df92499cfedf43e589421d7b3251d01e"
    },
    "SVM": {
      "accuracy": 0.9176954732510288,
      "f1_score": 0.9176613772997526,
      "precision": 0.9188078645442986,
      "recall": 0.9176954732510288,
      "params": {
        "C": 2.038804429665873,
        "kernel": "linear",
        "gamma": "scale"
      },
      "run_id": "4cebc4dd4c014fcb8d3b95b9d91b03a7"
    },
    "LightGBM": {
      "accuracy": 0.9670781893004116,
      "f1_score": 0.9670436001749035,
      "precision": 0.9691381366871378,
      "recall": 0.9670781893004116,
      "params": {
        "n_estimators": 219,
        "max_depth": 6,
        "learning_rate": 0.04621260495944863,
        "num_leaves": 70,
        "min_child_samples": 5,
        "subsample": 0.9998583358226819,
        "colsample_bytree": 0.9560897760169726
      },
      "run_id": "4b8145cafcfe4715a4def45e62102859"
    },
    "Gradient_Boosting": {
      "accuracy": 0.9835390946502057,
      "f1_score": 0.9835383067165773,
      "precision": 0.9838903944595001,
      "recall": 0.9835390946502057,
      "params": {
        "n_estimators": 296,
        "max_depth": 9,
        "learning_rate": 0.0434826067200854,
        "subsample": 0.7755566318669559,
        "min_samples_split": 4,
        "min_samples_leaf": 2
      },
      "run_id": "b7883dbc8bca4a3e894a29d2fade6ce3"
    },
    "Extra_Trees": {
      "accuracy": 0.9135802469135802,
      "f1_score": 0.9134099581859012,
      "precision": 0.9194833870211575,
      "recall": 0.9135802469135802,
      "params": {
        "n_estimators": 126,
        "max_depth": 29,
        "min_samples_split": 18,
        "min_samples_leaf": 1,
        "max_features": "sqrt"
      },
      "run_id": "54701a2067d14858bc94a917fe23e291"
    }
  }
}